0,1,2,3,4,5,6,7,8,9,10,11,12,13,14,15,16,17,18,19,20,21,22,23,24,25,26,27,28,29,30,31,32,33,34,35,36,37,38,39,40,41,42,43,44,45,46,47,48,49,50,51,52,53,54,55,56,57,58,59,60,61,62,63
0.19547321,-1.3917586,1.5807333,0.05830422,-0.40585503,-0.65754735,0.06399074,-0.55168366,0.7805413,0.34894332,0.5761673,-0.6563089,0.96911293,-0.7808895,-0.76369023,1.6475773,0.551606,-0.05185937,-1.7594223,-2.2290843,0.9297654,-0.31291756,-0.13879783,-2.346749,-1.8474026,-0.5897826,0.21211444,1.9989334,-0.45648706,-0.5571669,0.5597401,-0.87178975,1.2651734,-0.32189113,0.8539566,-1.493443,1.3693421,0.31656417,-1.0944662,-0.21664801,0.29318944,-0.22424755,-0.29301894,-1.2420907,-0.03938187,0.7385007,0.58160865,-0.3393172,0.72106797,-0.4752796,0.033423346,1.1469905,-0.010610147,-1.0043281,2.3868299,-0.70083326,0.49788916,1.0341268,0.56299746,0.37808394,-0.933248,0.81161994,2.0557,-0.7620708
0.19536094,-1.3918244,1.5802387,0.058482036,-0.40548763,-0.6576357,0.063976616,-0.55170226,0.7805743,0.34908167,0.5763763,-0.65654826,0.9693462,-0.78119916,-0.7634168,1.6477036,0.5514009,-0.051728513,-1.759218,-2.2288167,0.929269,-0.31251857,-0.13930862,-2.3471258,-1.8472725,-0.5897201,0.21214019,1.999114,-0.45673767,-0.557308,0.5592922,-0.8720282,1.2647992,-0.32246464,0.8539407,-1.4932079,1.3690547,0.3169189,-1.0942829,-0.21709113,0.29351702,-0.22439398,-0.29311877,-1.2426379,-0.03918431,0.7381823,0.5819257,-0.3392703,0.72126204,-0.47530493,0.03370108,1.147179,-0.0100201685,-1.0041157,2.3871908,-0.70114386,0.49821863,1.0342556,0.56279874,0.3784732,-0.93311656,0.81141454,2.0555463,-0.76178586
0.19488,-1.3921467,1.5788033,0.05900026,-0.40453118,-0.65783066,0.063866675,-0.5517763,0.7805149,0.34942776,0.57689595,-0.65737057,0.97011244,-0.7819945,-0.76250607,1.6481068,0.55093694,-0.05130881,-1.7587447,-2.2280438,0.92793506,-0.31115937,-0.14075737,-2.3481064,-1.8466487,-0.5896527,0.21210852,1.9996514,-0.4573018,-0.5579173,0.5580814,-0.87270176,1.2638037,-0.32421705,0.8539048,-1.492638,1.3681934,0.31782258,-1.0938836,-0.2184006,0.29441494,-0.22469875,-0.2933376,-1.2442646,-0.038636114,0.7373482,0.58269763,-0.33914372,0.72178537,-0.47531977,0.034586165,1.1476679,-0.008290898,-1.0035814,2.3881764,-0.7020918,0.4992615,1.034608,0.5624469,0.37969807,-0.93265986,0.8108821,2.0549705,-0.76092756
0.19545762,-1.3917696,1.5805496,0.058385532,-0.40570566,-0.6576043,0.06400987,-0.5516873,0.78056556,0.34899545,0.57626593,-0.65637666,0.9691869,-0.78103125,-0.76359797,1.6476152,0.5515231,-0.051812764,-1.7593408,-2.2289777,0.9295576,-0.31277445,-0.13898404,-2.3469043,-1.8473754,-0.58975136,0.21214473,1.9989884,-0.45659477,-0.55718815,0.5595402,-0.8718875,1.2650225,-0.32209527,0.8539522,-1.493347,1.3692368,0.31672248,-1.0943768,-0.21682395,0.293306,-0.22431888,-0.29307446,-1.2423153,-0.039323833,0.73838484,0.5817467,-0.33927613,0.7211473,-0.47529522,0.033530798,1.1470795,-0.010393536,-1.0042427,2.386976,-0.70095146,0.4979998,1.0341638,0.56289726,0.37821192,-0.93320376,0.81153065,2.055664,-0.761956
0.19487995,-1.3921466,1.5788031,0.059000257,-0.40453112,-0.65783066,0.06386666,-0.5517763,0.78051484,0.3494277,0.57689595,-0.65737045,0.9701123,-0.7819944,-0.762506,1.6481066,0.5509369,-0.051308826,-1.7587447,-2.2280436,0.927935,-0.31115937,-0.14075737,-2.3481061,-1.8466487,-0.5896526,0.2121085,1.9996514,-0.45730174,-0.55791724,0.5580814,-0.87270176,1.2638037,-0.32421702,0.85390466,-1.4926378,1.3681934,0.31782252,-1.0938835,-0.21840061,0.2944149,-0.22469872,-0.2933376,-1.2442646,-0.03863612,0.73734796,0.58269763,-0.33914363,0.7217853,-0.47531968,0.03458615,1.1476679,-0.008290887,-1.0035813,2.388176,-0.7020918,0.4992614,1.034608,0.5624469,0.37969804,-0.9326596,0.81088203,2.0549705,-0.76092756
0.19399828,-1.3929052,1.5755928,0.060230613,-0.40241477,-0.65822196,0.063738525,-0.5518541,0.78056985,0.35038012,0.5780704,-0.6591037,0.97183,-0.7839497,-0.7601596,1.6489222,0.5496299,-0.05025929,-1.7575378,-2.2262094,0.92468697,-0.30827585,-0.14407349,-2.3505576,-1.845411,-0.5894408,0.21205463,2.0006747,-0.45885298,-0.5591626,0.55527556,-0.8743863,1.2614621,-0.32841644,0.8537881,-1.4912598,1.3662423,0.32004544,-1.0930011,-0.22146268,0.29660723,-0.22540419,-0.29389188,-1.2478423,-0.03716882,0.7354532,0.58459073,-0.3387739,0.72321033,-0.4754585,0.03646191,1.1489643,-0.004288263,-1.0023487,2.3904107,-0.7042984,0.50162065,1.035238,0.56162083,0.3825021,-0.93164825,0.8094541,2.0536528,-0.7589402
-0.0036255554,-1.3819637,1.187429,0.38808408,-0.20211636,-0.89696145,0.13424185,-0.6588144,0.87410253,0.26558954,0.8775916,-0.85277474,1.2077694,-0.98211753,-0.56863785,1.8822688,0.46218002,0.06434897,-1.4953446,-1.9147924,0.53888726,0.08992857,-0.68889743,-2.4381995,-1.4928981,-0.5038068,0.07384627,1.8548641,-0.5663471,-0.99278134,0.57844603,-1.0426958,0.98147637,-0.87149805,0.4567131,-1.3824975,1.0297675,0.5750462,-0.6946079,-0.49284595,0.5823625,-0.17198604,-0.30483118,-1.7752562,-0.28685316,0.43612126,0.855199,-0.6164586,0.5092756,-0.11962581,0.12731124,1.2657106,0.52264345,-0.85179657,2.5908916,-0.9194378,0.8008864,1.0497284,0.5506333,0.57833004,-0.83288825,0.7886913,1.8460786,-0.023087336
0.19567728,-1.3913121,1.5786647,0.058938652,-0.40387434,-0.6583214,0.06441886,-0.55172026,0.7811637,0.3494831,0.57752585,-0.6567287,0.9695042,-0.7827816,-0.7636387,1.6479222,0.55057466,-0.051591776,-1.7580761,-2.2279167,0.92742527,-0.31212842,-0.14079739,-2.3485036,-1.8477975,-0.5887985,0.21298414,1.9996903,-0.45793363,-0.5567862,0.557401,-0.8726729,1.2632346,-0.32340237,0.85399973,-1.49206,1.3682443,0.31849837,-1.0932136,-0.21833807,0.2945999,-0.2252862,-0.29390708,-1.2443945,-0.038897492,0.73685026,0.5833775,-0.33882055,0.7216331,-0.47559294,0.034485266,1.1479456,-0.008537314,-1.0031464,2.3886883,-0.7018409,0.49873883,1.0346622,0.56097364,0.3791143,-0.9329864,0.810658,2.0557969,-0.7610706
0.19484042,-1.3922497,1.5786082,0.059127502,-0.4044283,-0.65784025,0.06388834,-0.55174905,0.7805131,0.349546,0.57694936,-0.65748256,0.97025496,-0.7821599,-0.76217103,1.6481423,0.5507864,-0.05118736,-1.7586588,-2.2278843,0.9276368,-0.31094837,-0.14099236,-2.3483417,-1.8465568,-0.5896879,0.21207155,1.9996499,-0.45746353,-0.5580124,0.5578674,-0.87290674,1.2636478,-0.32464346,0.8538974,-1.492551,1.3680502,0.31802836,-1.093861,-0.21867432,0.29458123,-0.22472957,-0.29337987,-1.2445092,-0.038447957,0.73726255,0.58284,-0.33905634,0.72199726,-0.47536665,0.034703653,1.1478027,-0.007959098,-1.0034866,2.388325,-0.7022766,0.4994635,1.0345583,0.5624504,0.3799384,-0.9325685,0.8107219,2.0548384,-0.76075864
0.19567724,-1.3913121,1.5786647,0.058938645,-0.40387434,-0.6583213,0.06441884,-0.5517202,0.7811636,0.34948307,0.5775258,-0.6567286,0.9695041,-0.7827816,-0.7636386,1.647922,0.5505746,-0.051591765,-1.758076,-2.2279162,0.92742515,-0.3121284,-0.14079733,-2.348503,-1.8477972,-0.58879846,0.2129841,1.9996902,-0.45793357,-0.5567861,0.5574009,-0.87267274,1.2632344,-0.32340232,0.8539995,-1.4920597,1.3682442,0.31849837,-1.0932136,-0.21833804,0.2945999,-0.22528622,-0.29390705,-1.2443943,-0.038897485,0.73685014,0.58337736,-0.33882046,0.7216329,-0.47559285,0.03448526,1.1479455,-0.008537327,-1.0031464,2.388688,-0.7018408,0.4987388,1.0346621,0.5609736,0.37911427,-0.9329862,0.810658,2.0557964,-0.76107043
0.19479075,-1.3923028,1.5781039,0.059292402,-0.4040257,-0.65794826,0.063904144,-0.5517581,0.78061247,0.34967571,0.577208,-0.6576816,0.97047454,-0.7825575,-0.76194894,1.6482257,0.5505774,-0.0510934,-1.7584305,-2.2276113,0.9270959,-0.31058472,-0.14151682,-2.3487246,-1.846471,-0.58957434,0.21216774,1.9998202,-0.45773342,-0.5580855,0.5573724,-0.87311757,1.2632245,-0.32517228,0.85385466,-1.4922582,1.3677453,0.31843635,-1.0936143,-0.21911946,0.29494026,-0.22491956,-0.29353288,-1.2450922,-0.03829764,0.7369001,0.5831857,-0.3389959,0.7221864,-0.47540802,0.035011508,1.1480414,-0.0073703667,-1.0032709,2.3887143,-0.7026126,0.49975014,1.034709,0.5621774,0.38030005,-0.93244505,0.81051683,2.0547252,-0.76046485
0.19491576,-1.3921095,1.5787172,0.059049223,-0.40442866,-0.6578769,0.06393178,-0.55175394,0.7805847,0.34950545,0.57695407,-0.65738297,0.97011405,-0.78214437,-0.7624414,1.648115,0.5508246,-0.051265944,-1.7586387,-2.227975,0.92775494,-0.31118074,-0.14087221,-2.3482392,-1.8467191,-0.58959687,0.21214232,1.9996539,-0.4574348,-0.5578625,0.55796033,-0.87279123,1.2636936,-0.32434905,0.8539074,-1.4925379,1.3681273,0.31794918,-1.0938281,-0.21849363,0.29451647,-0.22474521,-0.2933918,-1.2443556,-0.038545176,0.73726743,0.5828033,-0.33909124,0.72188056,-0.4753653,0.034614895,1.1477325,-0.008164506,-1.0035057,2.3882856,-0.7021355,0.49932337,1.034585,0.562346,0.3797478,-0.9326633,0.81077784,2.054979,-0.7608751
0.19521582,-1.3919653,1.579713,0.058710426,-0.4051323,-0.6577302,0.06396408,-0.5517176,0.7805796,0.349209,0.5766033,-0.6568455,0.9696494,-0.78154325,-0.7630206,1.6478533,0.5512085,-0.051560093,-1.7590219,-2.228514,0.9287114,-0.312005,-0.13988075,-2.3475194,-1.8470436,-0.58969295,0.21212262,1.9992644,-0.45697853,-0.5575514,0.55883723,-0.8723191,1.2644106,-0.32317552,0.853883,-1.4929773,1.3687098,0.31731254,-1.094094,-0.21760565,0.29387403,-0.22451213,-0.29321206,-1.2432767,-0.039003782,0.7378553,0.5822487,-0.3392266,0.7214772,-0.47530743,0.034027796,1.1474093,-0.009333238,-1.0039071,2.3875763,-0.7015276,0.4986115,1.0343647,0.56267595,0.37893376,-0.93293685,0.8112095,2.0553315,-0.7614151
0.19265619,-1.3935516,1.5712397,0.061765082,-0.39938232,-0.65884084,0.06366643,-0.5520913,0.7806208,0.3515646,0.57968765,-0.66143763,0.9738556,-0.78652453,-0.7576762,1.6500945,0.5479579,-0.048961602,-1.7558008,-2.223804,0.920593,-0.3045779,-0.14838421,-2.3537076,-1.8439142,-0.5889807,0.21217807,2.0023162,-0.46077678,-0.5606222,0.55150926,-0.876396,1.2582561,-0.33351973,0.8538263,-1.4894598,1.3636864,0.3228717,-1.0918474,-0.22537522,0.29944825,-0.22635248,-0.2946227,-1.2525316,-0.03533091,0.73280555,0.58711004,-0.33825943,0.72478694,-0.47562346,0.038922884,1.1504596,0.000726377,-1.0007006,2.3933945,-0.7069733,0.5045935,1.0362365,0.56017995,0.38605356,-0.9303542,0.8076007,2.0521512,-0.756434
0.19444689,-1.392479,1.577502,0.05948407,-0.40370154,-0.6579486,0.06377185,-0.5518055,0.78043735,0.34979674,0.57734203,-0.65811217,0.9708415,-0.7827679,-0.7615727,1.6484485,0.550434,-0.050875008,-1.7583096,-2.2273204,0.92665654,-0.3099273,-0.14207281,-2.3490577,-1.8461146,-0.5895924,0.2120689,2.0000978,-0.4578715,-0.5584701,0.5569464,-0.87335783,1.2629023,-0.3258713,0.85393524,-1.4921225,1.3674049,0.31866527,-1.0935745,-0.21967173,0.29527032,-0.22496694,-0.29355648,-1.2457125,-0.038036764,0.7366013,0.5834005,-0.33892068,0.722379,-0.47536764,0.035369776,1.1481533,-0.006671912,-1.0030719,2.389045,-0.7029767,0.50022715,1.0348754,0.56216,0.380855,-0.9322085,0.8103289,2.054395,-0.76015604
0.19420722,-1.392812,1.5766997,0.06218062,-0.40373483,-0.6597635,0.0645595,-0.5522393,0.78144675,0.3476935,0.57955885,-0.65901923,0.9722041,-0.78357905,-0.7610456,1.6506165,0.55090296,-0.050176512,-1.7572067,-2.2267358,0.92579436,-0.308594,-0.14532816,-2.348985,-1.8449564,-0.5886352,0.21044335,1.9985132,-0.45790106,-0.5623353,0.5598724,-0.8740774,1.262475,-0.32836485,0.8502188,-1.4923412,1.3660777,0.3195275,-1.0909408,-0.2197892,0.29631123,-0.22417562,-0.29287338,-1.2483617,-0.042383134,0.7355595,0.5846865,-0.3427085,0.7198313,-0.47212774,0.034680277,1.1489875,-0.0041192197,-1.0028979,2.3906252,-0.7041055,0.50138736,1.0347822,0.56350416,0.3806664,-0.9324176,0.811856,2.0540392,-0.7551783
0.19542892,-1.3918,1.5804869,0.058401413,-0.4056772,-0.6576034,0.06399732,-0.551693,0.7805592,0.34900916,0.5762808,-0.65641654,0.96923375,-0.78105664,-0.7635235,1.647632,0.5514999,-0.051786758,-1.759322,-2.2289388,0.9295028,-0.31270918,-0.13905922,-2.3469548,-1.8473401,-0.5897586,0.2121255,1.999004,-0.45661485,-0.55723655,0.5595121,-0.8719258,1.264985,-0.32220134,0.853938,-1.4933302,1.3691944,0.3167592,-1.094366,-0.21688154,0.29334953,-0.22431867,-0.29306948,-1.2423811,-0.039288823,0.7383535,0.5817756,-0.339285,0.72118044,-0.47529054,0.033569846,1.1470978,-0.010304599,-1.0042266,2.3870168,-0.70100015,0.498053,1.034177,0.5629016,0.37828022,-0.933175,0.8115111,2.055625,-0.7619054
0.19490509,-1.392096,1.5781385,0.059224498,-0.403946,-0.65801454,0.06397587,-0.5517622,0.7806895,0.34965464,0.577271,-0.6575585,0.97029996,-0.7825773,-0.762296,1.6482315,0.5505656,-0.051160555,-1.7583308,-2.227651,0.9271371,-0.31085217,-0.14144075,-2.3487024,-1.8466903,-0.58940876,0.21230379,1.9998628,-0.45778066,-0.55789167,0.5573712,-0.87303275,1.2631934,-0.3248819,0.8539097,-1.4922147,1.3678172,0.31842235,-1.0935472,-0.21898074,0.2949107,-0.2249733,-0.29358256,-1.2449806,-0.03836475,0.73684365,0.58323854,-0.33900163,0.72204936,-0.47541955,0.034922887,1.1479962,-0.0075454605,-1.0032378,2.3887599,-0.7024673,0.49962547,1.0347428,0.5619264,0.38010764,-0.9325494,0.8105206,2.0549026,-0.7605807
0.19529457,-1.3918884,1.5801084,0.058544062,-0.40541273,-0.6576447,0.06396755,-0.55170727,0.7805381,0.34911892,0.5764137,-0.65664864,0.9694377,-0.7812683,-0.7632628,1.6477495,0.5513629,-0.0516718,-1.759187,-2.2287376,0.9291321,-0.3123432,-0.13944696,-2.3472214,-1.8471732,-0.5897508,0.2121118,1.9991549,-0.4567754,-0.5574017,0.55917615,-0.8721203,1.2647172,-0.3226833,0.8539395,-1.4931742,1.3689575,0.31700736,-1.0942606,-0.21724223,0.29359907,-0.2244006,-0.29312956,-1.2428098,-0.039115977,0.7381199,0.5819864,-0.3392433,0.7213311,-0.4753112,0.03379902,1.1472329,-0.009836024,-1.0040716,2.3872778,-0.7012528,0.4983413,1.0342693,0.5628078,0.37861988,-0.9330477,0.8113532,2.0554636,-0.76169217
0.195019,-1.3920662,1.5792658,0.05884703,-0.40485376,-0.6577542,0.06390015,-0.5517431,0.7805195,0.34932566,0.57673275,-0.6571322,0.96987796,-0.781756,-0.7627588,1.6479722,0.5510838,-0.05142636,-1.7589046,-2.2282927,0.9283571,-0.31156546,-0.1402917,-2.3477993,-1.8468441,-0.589697,0.21210621,1.9994617,-0.45712063,-0.557727,0.5584544,-0.8725071,1.2641302,-0.3236764,0.85392547,-1.4928286,1.3684627,0.3175336,-1.0940175,-0.21800084,0.2941296,-0.2245832,-0.29326603,-1.2437512,-0.03880349,0.7376287,0.5824512,-0.3391577,0.7216393,-0.4753253,0.03431034,1.1475266,-0.008847259,-1.0037515,2.387838,-0.7017904,0.49893653,1.0344818,0.56259364,0.37932736,-0.93279237,0.81104946,2.0551372,-0.7611933
0.19549444,-1.3917402,1.5805206,0.058398187,-0.40565428,-0.6576487,0.064043,-0.5516946,0.7806195,0.34897742,0.57632494,-0.6563592,0.96917814,-0.78108394,-0.7636529,1.6476129,0.5515146,-0.05183103,-1.7592981,-2.228967,0.9295075,-0.3127985,-0.13903016,-2.3469274,-1.8474162,-0.5897032,0.21218061,1.9989871,-0.4566179,-0.55716366,0.5595169,-0.87188387,1.2649636,-0.3220819,0.8539084,-1.493306,1.3692176,0.316774,-1.0943038,-0.21681935,0.29333282,-0.22435138,-0.2930971,-1.2423662,-0.03937227,0.7383278,0.5818002,-0.33930534,0.7211178,-0.47527713,0.03354377,1.1471105,-0.010362717,-1.0042216,2.3870316,-0.7009638,0.4979863,1.0341917,0.5628209,0.37818804,-0.93321663,0.81153536,2.0557044,-0.7619146
0.19522384,-1.3919184,1.5798787,0.058610976,-0.40526965,-0.65769076,0.06393931,-0.5517208,0.7805406,0.34915882,0.57650524,-0.6567774,0.96954775,-0.781393,-0.76317394,1.6478049,0.55130553,-0.051628016,-1.7591159,-2.2286253,0.9289526,-0.3121481,-0.13966024,-2.347358,-1.8470944,-0.589723,0.21212216,1.999252,-0.4568649,-0.55747527,0.5589929,-0.87220174,1.2645507,-0.32289928,0.85393596,-1.4930732,1.3688357,0.3171316,-1.0941919,-0.2174174,0.29372203,-0.22445011,-0.29316762,-1.2430573,-0.039062824,0.7379856,0.5821152,-0.33923537,0.72139156,-0.47529605,0.03393657,1.147293,-0.009586357,-1.0039866,2.3874264,-0.70138055,0.4984877,1.0343432,0.5627445,0.3787865,-0.9329877,0.81129396,2.0553882,-0.7615728
0.19547638,-1.3917539,1.5807263,0.058301527,-0.4058403,-0.6575591,0.063996986,-0.55168545,0.780533,0.34893394,0.5761645,-0.6563085,0.96911556,-0.78088737,-0.7636925,1.6475818,0.5516078,-0.051862907,-1.7594258,-2.2290888,0.9297566,-0.31290585,-0.13880302,-2.3467526,-1.8474001,-0.58979046,0.21212146,1.99894,-0.4564792,-0.55717665,0.55974466,-0.8717956,1.2651682,-0.32189596,0.8539619,-1.4934511,1.3693494,0.31655473,-1.0944499,-0.21665505,0.29317904,-0.22424689,-0.29300478,-1.2420975,-0.039375655,0.7384944,0.5816105,-0.3393221,0.72107106,-0.4752703,0.033433836,1.1469895,-0.010599945,-1.0043285,2.3868387,-0.7008377,0.4978935,1.0341246,0.56299186,0.37807915,-0.9332341,0.81161344,2.0556936,-0.76207054
0.19549443,-1.3917402,1.5805206,0.058398314,-0.4056544,-0.6576488,0.06404292,-0.55169463,0.7806195,0.3489775,0.57632494,-0.6563593,0.9691783,-0.78108406,-0.7636529,1.6476127,0.5515147,-0.05183093,-1.7592981,-2.228967,0.9295075,-0.31279844,-0.13903002,-2.3469276,-1.8474162,-0.5897032,0.21218063,1.9989874,-0.4566179,-0.5571635,0.5595169,-0.87188375,1.2649634,-0.32208192,0.85390854,-1.4933059,1.3692175,0.3167741,-1.094304,-0.21681945,0.29333287,-0.22435139,-0.29309726,-1.2423663,-0.039371975,0.73832786,0.5818001,-0.33930537,0.7211181,-0.47527722,0.033543725,1.1471105,-0.010362683,-1.0042213,2.3870316,-0.70096374,0.49798626,1.0341918,0.5628209,0.37818807,-0.9332168,0.81153524,2.0557044,-0.7619149
0.17639092,-1.4056394,1.5245683,0.111702345,-0.37541628,-0.69206333,0.07569202,-0.5607821,0.79660034,0.33179832,0.62291634,-0.69265014,1.011719,-0.81650877,-0.7289914,1.6900566,0.53910047,-0.02843041,-1.7255108,-2.195285,0.87668824,-0.25339532,-0.22812134,-2.3736444,-1.8089911,-0.5744641,0.18937647,1.9903156,-0.47498792,-0.63001126,0.5675744,-0.9037372,1.227761,-0.41299343,0.79870903,-1.4794585,1.3236967,0.3599338,-1.0437278,-0.26177838,0.33945397,-0.21914911,-0.29130274,-1.3260782,-0.08671173,0.6956981,0.62294483,-0.3879719,0.69665253,-0.43036136,0.046203107,1.1731275,0.077029146,-0.98565024,2.435758,-0.74353796,0.54535824,1.0421278,0.5676601,0.41266438,-0.92111546,0.8153302,2.0329356,-0.65907705
0.1954816,-1.3917681,1.5807279,0.05829672,-0.40584484,-0.65754265,0.06398977,-0.55166626,0.7805428,0.34893158,0.5761748,-0.65630215,0.9691149,-0.78088593,-0.7636766,1.6475749,0.55159426,-0.05185811,-1.7594193,-2.22909,0.9297523,-0.31291637,-0.13880306,-2.3467615,-1.8474027,-0.58978194,0.21211295,1.9989264,-0.45648605,-0.55717754,0.5597567,-0.8718071,1.2651826,-0.32190546,0.8539565,-1.4934524,1.3693477,0.3165577,-1.0944617,-0.21666335,0.29320574,-0.22424784,-0.29300424,-1.2420844,-0.039381593,0.7384906,0.5816044,-0.33932093,0.7210781,-0.4752807,0.03342696,1.1470004,-0.010602324,-1.0043225,2.386817,-0.70083725,0.49788657,1.0341349,0.56299824,0.37809148,-0.93323857,0.81161845,2.055683,-0.7620643
0.19545765,-1.3917699,1.5805498,0.058385555,-0.4057057,-0.65760434,0.06400989,-0.55168736,0.7805656,0.34899545,0.57626605,-0.6563767,0.96918714,-0.78103125,-0.76359814,1.6476156,0.55152315,-0.051812798,-1.7593409,-2.228978,0.9295576,-0.31277454,-0.13898405,-2.3469045,-1.8473758,-0.5897514,0.2121447,1.9989887,-0.45659482,-0.5571883,0.5595403,-0.8718875,1.2650226,-0.3220953,0.8539523,-1.4933473,1.3692371,0.31672257,-1.094377,-0.21682398,0.293306,-0.22431889,-0.2930745,-1.2423154,-0.03932385,0.73838484,0.5817468,-0.3392762,0.7211473,-0.47529536,0.033530794,1.1470797,-0.010393508,-1.004243,2.3869765,-0.7009515,0.49799988,1.034164,0.5628973,0.37821195,-0.9332039,0.8115309,2.0556645,-0.7619562
0.19485141,-1.3922718,1.578783,0.059080407,-0.40459016,-0.6577914,0.06387959,-0.55173826,0.7804564,0.3495153,0.5768423,-0.6574302,0.97020304,-0.782027,-0.76216924,1.6481056,0.5508504,-0.051198967,-1.7587544,-2.227962,0.92780745,-0.31103158,-0.1408177,-2.3482254,-1.8465489,-0.58976287,0.21202385,1.9995728,-0.457371,-0.5580107,0.55802625,-0.87285924,1.2638016,-0.3245193,0.8539081,-1.4926649,1.3681455,0.31789497,-1.0939693,-0.21855074,0.2944561,-0.22465062,-0.2933213,-1.2443151,-0.03848317,0.7374107,0.58271736,-0.33905235,0.7219704,-0.47535637,0.03461102,1.1477265,-0.00813864,-1.0035683,2.3881824,-0.70218605,0.49939343,1.0344915,0.56258255,0.37984076,-0.9325914,0.8107859,2.0548525,-0.76084137
0.1874931,-1.3984555,1.5562083,0.080570936,-0.39219263,-0.6711295,0.068152055,-0.555172,0.7863444,0.34251466,0.5959403,-0.6728596,0.9872796,-0.7967881,-0.74749595,1.6653354,0.5461387,-0.041747563,-1.7453902,-2.2143917,0.90597075,-0.28675407,-0.17760643,-2.3600037,-1.8313144,-0.5834281,0.20276156,1.9966127,-0.46482047,-0.5878823,0.5600282,-0.8858207,1.248381,-0.36138126,0.832096,-1.4871656,1.3495287,0.3354573,-1.074058,-0.2373959,0.31305125,-0.22298013,-0.29235008,-1.2794305,-0.05676887,0.72046053,0.60027593,-0.35856876,0.7133563,-0.45693836,0.04032107,1.1587108,0.028015835,-0.995916,2.4089296,-0.7199993,0.51888174,1.037614,0.56509465,0.3941199,-0.92768866,0.8125519,2.045932,-0.720234
0.18339719,-1.4013281,1.5436406,0.091248386,-0.3847255,-0.67832303,0.07052481,-0.556786,0.78966296,0.33953783,0.6057037,-0.68077177,0.99633527,-0.8044198,-0.73987037,1.6740856,0.54299927,-0.036714554,-1.7379128,-2.2069595,0.8938981,-0.2738875,-0.19666171,-2.3664043,-1.8231467,-0.58017755,0.19841969,1.9957023,-0.4691106,-0.6026458,0.5600999,-0.89256895,1.2394817,-0.38121077,0.8213754,-1.4837508,1.339493,0.3452675,-1.0635924,-0.24779928,0.3233033,-0.2224907,-0.2924311,-1.29749,-0.065725476,0.7108549,0.6094341,-0.3677205,0.7089857,-0.44842035,0.043661904,1.1644151,0.047022406,-0.9914168,2.4196658,-0.72927475,0.52906317,1.0395975,0.56490093,0.40225786,-0.92479956,0.8126125,2.0410116,-0.6991232
0.09809023,-1.4179379,1.3551548,0.24247253,-0.28188762,-0.7823197,0.101636626,-0.603444,0.8213798,0.3073229,0.73859304,-0.77694327,1.119906,-0.8997898,-0.6370999,1.7967852,0.50484544,0.028828833,-1.6309688,-2.0709035,0.7161547,-0.08077954,-0.45282602,-2.4186656,-1.6658266,-0.54868174,0.13688411,1.952735,-0.5286316,-0.79836625,0.5536577,-0.9880084,1.1110237,-0.65506923,0.6547689,-1.4353118,1.1908802,0.4782383,-0.89610213,-0.39428645,0.46123183,-0.20372245,-0.30447316,-1.5461161,-0.16511251,0.5721872,0.7479595,-0.48482925,0.6178758,-0.31266212,0.09022387,1.2195618,0.30016312,-0.9192453,2.5332725,-0.85120755,0.682966,1.0587573,0.55880624,0.5038273,-0.87502563,0.7868656,1.9525279,-0.36933964
0.17306125,-1.4070817,1.5186694,0.10956904,-0.3709742,-0.6891572,0.073323175,-0.56039613,0.7936192,0.33749494,0.62101775,-0.695455,1.0136878,-0.81791335,-0.7244319,1.6887302,0.5364359,-0.026883265,-1.7254821,-2.1920328,0.87179863,-0.2484737,-0.22948375,-2.377733,-1.8063766,-0.57652515,0.19149959,1.9952316,-0.4771313,-0.62667257,0.557089,-0.9059127,1.2236644,-0.41878688,0.80487347,-1.475999,1.3216518,0.362917,-1.047353,-0.26859587,0.34242836,-0.22140822,-0.2933919,-1.3289115,-0.075498514,0.693363,0.62380326,-0.38077983,0.70357114,-0.43632886,0.05146546,1.1732615,0.08160958,-0.9839532,2.4369736,-0.7467252,0.5492853,1.0433753,0.5646131,0.41961268,-0.91799647,0.8091321,2.0299704,-0.6629544
0.19450255,-1.3924369,1.5776651,0.05943274,-0.40380827,-0.65793216,0.06378189,-0.55179757,0.7804464,0.349755,0.57729113,-0.6580183,0.97075343,-0.78266054,-0.7616819,1.6484075,0.55049527,-0.05092251,-1.7583647,-2.2274067,0.9268147,-0.31007105,-0.14190738,-2.3489437,-1.8461833,-0.58960116,0.21207263,2.0000496,-0.45780143,-0.558404,0.5570801,-0.87329036,1.2630119,-0.32566884,0.8539386,-1.4921836,1.3674991,0.3185625,-1.0936139,-0.21952453,0.2951638,-0.22493197,-0.29353675,-1.2455416,-0.038106814,0.73669475,0.58331645,-0.33894876,0.72231096,-0.47536543,0.035262663,1.1480913,-0.006867877,-1.0031295,2.3889308,-0.70286983,0.5001132,1.0348406,0.5622026,0.38070786,-0.9322647,0.81038797,2.0544593,-0.7602569
0.19545762,-1.3917695,1.5805495,0.058385547,-0.4057056,-0.6576042,0.06400988,-0.5516873,0.7805655,0.34899533,0.57626593,-0.6563766,0.96918684,-0.78103113,-0.76359814,1.6476151,0.5515231,-0.05181272,-1.7593406,-2.2289777,0.92955756,-0.31277454,-0.13898404,-2.3469043,-1.8473754,-0.5897512,0.2121447,1.9989883,-0.4565947,-0.5571881,0.55954015,-0.8718874,1.2650225,-0.32209522,0.8539522,-1.4933469,1.3692368,0.31672248,-1.0943768,-0.21682385,0.29330596,-0.22431888,-0.2930744,-1.242315,-0.0393239,0.7383847,0.5817467,-0.33927613,0.72114706,-0.4752953,0.033530746,1.1470795,-0.010393562,-1.0042427,2.3869758,-0.70095134,0.49799973,1.0341637,0.5628971,0.3782119,-0.93320376,0.8115306,2.055664,-0.76195586
0.19522385,-1.3919184,1.5798788,0.05861097,-0.40526962,-0.65769076,0.063939326,-0.55172074,0.78054047,0.34915882,0.5765053,-0.6567774,0.96954775,-0.78139293,-0.7631741,1.6478049,0.55130553,-0.05162804,-1.7591159,-2.2286253,0.9289526,-0.31214806,-0.13966024,-2.347358,-1.8470942,-0.58972293,0.21212216,1.999252,-0.45686495,-0.55747527,0.5589929,-0.87220174,1.2645507,-0.32289928,0.85393596,-1.4930733,1.3688358,0.31713164,-1.0941918,-0.21741742,0.293722,-0.22445008,-0.29316765,-1.2430573,-0.03906282,0.7379856,0.5821152,-0.33923542,0.72139156,-0.475296,0.03393658,1.147293,-0.009586317,-1.0039866,2.3874261,-0.7013806,0.49848774,1.0343432,0.5627445,0.37878656,-0.9329877,0.81129396,2.0553882,-0.76157284
0.19265619,-1.3935517,1.5712396,0.06176503,-0.39938232,-0.6588408,0.063666426,-0.5520913,0.78062075,0.35156447,0.57968783,-0.6614377,0.97385556,-0.78652453,-0.7576761,1.6500943,0.5479579,-0.04896166,-1.7558006,-2.2238038,0.920593,-0.30457783,-0.14838435,-2.3537076,-1.843914,-0.58898056,0.21217807,2.0023162,-0.46077675,-0.56062216,0.5515092,-0.876396,1.2582561,-0.3335198,0.85382617,-1.4894596,1.3636864,0.32287177,-1.0918471,-0.22537534,0.29944825,-0.2263525,-0.2946227,-1.2525319,-0.035330772,0.73280543,0.58711004,-0.33825952,0.7247868,-0.4756234,0.038922876,1.1504595,0.00072646583,-1.0007005,2.3933942,-0.7069735,0.50459343,1.0362366,0.5601799,0.38605368,-0.9303542,0.8076006,2.0521512,-0.75643396
0.022320524,-1.4178416,1.2049502,0.2966798,-0.20665039,-0.8071407,0.07669848,-0.6489373,0.7959105,0.33197567,0.7859057,-0.83420235,1.1790929,-0.918813,-0.56027985,1.8278768,0.50039184,0.06218551,-1.5465333,-1.9047518,0.55640763,0.039386764,-0.5742784,-2.4140594,-1.4886858,-0.53143585,0.1007449,1.9082096,-0.5404941,-0.87754446,0.49451122,-1.0200827,1.017187,-0.83194184,0.5664948,-1.358908,1.0620121,0.5713531,-0.79331595,-0.5339393,0.54626846,-0.22060376,-0.31384778,-1.6852041,-0.112945855,0.46263233,0.8168438,-0.52975243,0.5775466,-0.24126655,0.1302693,1.2278597,0.4681632,-0.8555973,2.541245,-0.9131295,0.77855295,1.0536053,0.54306304,0.6014719,-0.8066518,0.7036894,1.8282585,-0.19092864
0.19529462,-1.3918884,1.580109,0.058544267,-0.40541273,-0.6576448,0.06396756,-0.5517073,0.7805384,0.34911892,0.57641375,-0.65664864,0.9694377,-0.78126836,-0.7632629,1.6477497,0.5513629,-0.05167179,-1.7591871,-2.2287376,0.92913216,-0.3123433,-0.13944677,-2.3472219,-1.8471736,-0.58975095,0.21211189,1.9991549,-0.45677543,-0.5574017,0.5591762,-0.8721203,1.2647172,-0.3226832,0.85393965,-1.4931742,1.3689579,0.31700742,-1.0942607,-0.21724229,0.29359898,-0.22440064,-0.2931295,-1.2428099,-0.039116137,0.73812,0.5819865,-0.3392434,0.7213311,-0.47531128,0.03379903,1.147233,-0.009836023,-1.0040716,2.387278,-0.70125294,0.49834126,1.0342696,0.56280774,0.37861976,-0.9330479,0.81135327,2.0554636,-0.7616922
0.19510499,-1.3920654,1.5795546,0.05944009,-0.40522495,-0.658216,0.06415538,-0.5518569,0.78079975,0.34857598,0.57716286,-0.65709454,0.97001886,-0.7816596,-0.76292187,1.6484727,0.5514151,-0.0513818,-1.7587794,-2.228395,0.9286077,-0.3116508,-0.1407089,-2.347405,-1.8466973,-0.5894592,0.21161596,1.998805,-0.45689607,-0.55867165,0.5597836,-0.8724582,1.2643956,-0.32377908,0.85285896,-1.4931201,1.3683919,0.31742796,-1.093412,-0.21755728,0.29408392,-0.22423676,-0.2929668,-1.2439219,-0.040265717,0.73765105,0.58250767,-0.34031692,0.72070646,-0.4743613,0.033788167,1.1475631,-0.0087189665,-1.0039108,2.3879485,-0.70178246,0.49890125,1.0343168,0.5631465,0.37882823,-0.9330067,0.8116907,2.0552335,-0.760054
0.19265619,-1.3935516,1.5712397,0.061765082,-0.39938232,-0.65884084,0.06366643,-0.5520913,0.7806208,0.3515646,0.57968765,-0.66143763,0.9738556,-0.78652453,-0.7576762,1.6500945,0.5479579,-0.048961602,-1.7558008,-2.223804,0.920593,-0.3045779,-0.14838421,-2.3537076,-1.8439142,-0.5889807,0.21217807,2.0023162,-0.46077678,-0.5606222,0.55150926,-0.876396,1.2582561,-0.33351973,0.8538263,-1.4894598,1.3636864,0.3228717,-1.0918474,-0.22537522,0.29944825,-0.22635248,-0.2946227,-1.2525316,-0.03533091,0.73280555,0.58711004,-0.33825943,0.72478694,-0.47562346,0.038922884,1.1504596,0.000726377,-1.0007006,2.3933945,-0.7069733,0.5045935,1.0362365,0.56017995,0.38605356,-0.9303542,0.8076007,2.0521512,-0.756434
0.19533901,-1.3918791,1.5801951,0.05853405,-0.40548202,-0.6576506,0.0639938,-0.5516929,0.78053993,0.34910923,0.576375,-0.6565946,0.9694009,-0.78123283,-0.7632589,1.6477116,0.5513765,-0.051682856,-1.7592194,-2.228764,0.92918485,-0.31241238,-0.13936344,-2.3471932,-1.8472017,-0.58977073,0.21211198,1.9990978,-0.45675796,-0.55735856,0.5592294,-0.8721196,1.2647768,-0.32262206,0.85393536,-1.4932102,1.3690118,0.31698033,-1.0943034,-0.2171915,0.2935392,-0.22438207,-0.29311925,-1.2427256,-0.039143015,0.73819524,0.5819457,-0.33921987,0.72134244,-0.47532064,0.0337538,1.1472028,-0.009918714,-1.004091,2.3872247,-0.7012112,0.49829724,1.0342104,0.56283927,0.37855643,-0.9330669,0.81137604,2.0554922,-0.76171935
0.19417676,-1.3926378,1.5767518,0.059728414,-0.4031933,-0.65803033,0.06369561,-0.5518503,0.78042823,0.34996852,0.57759106,-0.6585456,0.9712436,-0.7831517,-0.7611122,1.6486726,0.5502017,-0.05066886,-1.7580626,-2.2269423,0.9259875,-0.30923474,-0.14284892,-2.349539,-1.8457651,-0.5895543,0.21203072,2.000407,-0.45814443,-0.5588289,0.55638003,-0.8736736,1.2623945,-0.32678938,0.8538862,-1.4918246,1.3669493,0.31908837,-1.0933573,-0.22030813,0.29575738,-0.22512406,-0.29363593,-1.2465235,-0.037752934,0.73615336,0.58376867,-0.33893535,0.72261673,-0.47535294,0.03582936,1.1483835,-0.0057757967,-1.0028188,2.389565,-0.703472,0.5007768,1.0350943,0.561996,0.38149205,-0.9319856,0.8100612,2.0540795,-0.7597152
0.19456978,-1.3923056,1.5772519,0.0595321,-0.40337422,-0.65811086,0.06388772,-0.55180395,0.7806869,0.34988046,0.57757044,-0.65810347,0.9707688,-0.78305936,-0.76173764,1.648473,0.550276,-0.05089742,-1.7580405,-2.2272,0.9263391,-0.3100447,-0.14233778,-2.3492858,-1.8463147,-0.58936477,0.21223748,2.0002077,-0.4580984,-0.55827355,0.5566949,-0.87341833,1.2625886,-0.32595986,0.8538726,-1.4918501,1.3672845,0.31891167,-1.0933167,-0.21973783,0.29548562,-0.22513059,-0.2936948,-1.2459669,-0.03799648,0.7363207,0.5836759,-0.33897358,0.72238016,-0.47539568,0.035463836,1.1482852,-0.006485726,-1.0029283,2.3893428,-0.7030215,0.5002648,1.0349894,0.56175977,0.3808654,-0.9322845,0.81018716,2.054523,-0.76006436
0.19522384,-1.3919184,1.5798788,0.058610998,-0.40526965,-0.65769076,0.06393933,-0.55172086,0.78054047,0.34915885,0.5765053,-0.6567774,0.96954775,-0.781393,-0.7631741,1.6478049,0.55130553,-0.051627997,-1.7591159,-2.2286253,0.92895263,-0.31214803,-0.13966028,-2.347358,-1.8470943,-0.589723,0.21212216,1.999252,-0.45686492,-0.5574753,0.5589929,-0.87220174,1.2645507,-0.32289928,0.85393596,-1.4930733,1.3688359,0.3171316,-1.0941918,-0.2174174,0.293722,-0.22445011,-0.29316765,-1.2430573,-0.03906286,0.7379857,0.58211523,-0.3392354,0.72139156,-0.47529605,0.033936568,1.147293,-0.009586361,-1.0039866,2.3874264,-0.7013807,0.4984877,1.0343432,0.5627445,0.3787865,-0.9329877,0.81129396,2.0553882,-0.7615728
0.19539262,-1.3918213,1.5803827,0.058449794,-0.40560925,-0.6576207,0.0639836,-0.5516917,0.7805454,0.34903935,0.5763077,-0.6564901,0.9692879,-0.7811015,-0.76345396,1.647668,0.5514689,-0.05175134,-1.7592947,-2.228888,0.92940456,-0.31260207,-0.13915774,-2.3470216,-1.8472744,-0.58976144,0.21212149,1.9990475,-0.45665818,-0.5572864,0.55942124,-0.8719788,1.2649189,-0.32233402,0.8539437,-1.4932925,1.3691379,0.31681272,-1.0943485,-0.21697918,0.29341018,-0.2243396,-0.29308113,-1.2424953,-0.039248012,0.73829675,0.58182526,-0.33926854,0.72122043,-0.47528946,0.033634353,1.1471252,-0.010183409,-1.0041828,2.3870776,-0.7010644,0.4981386,1.0341984,0.5628895,0.37836987,-0.93314415,0.81147003,2.0555763,-0.76185274
0.19399826,-1.3929052,1.5755925,0.06023061,-0.40241477,-0.65822184,0.063738525,-0.551854,0.78056985,0.3503801,0.57807034,-0.65910363,0.97182995,-0.78394955,-0.76015955,1.648922,0.54962987,-0.05025929,-1.7575377,-2.2262094,0.9246869,-0.3082758,-0.14407349,-2.3505573,-1.8454108,-0.5894408,0.21205463,2.0006745,-0.45885292,-0.5591626,0.5552755,-0.8743863,1.2614621,-0.3284164,0.8537881,-1.4912597,1.366242,0.3200454,-1.0930011,-0.22146267,0.2966072,-0.22540416,-0.29389188,-1.2478423,-0.03716882,0.73545307,0.5845907,-0.33877388,0.7232102,-0.47545847,0.0364619,1.1489642,-0.004288259,-1.0023485,2.3904102,-0.7042983,0.50162065,1.0352379,0.5616208,0.38250208,-0.9316482,0.80945396,2.0536525,-0.75894016
0.19487995,-1.3921466,1.5788028,0.05900028,-0.40453118,-0.6578306,0.06386667,-0.5517763,0.78051484,0.34942767,0.5768961,-0.6573705,0.9701123,-0.7819944,-0.76250607,1.6481066,0.5509368,-0.051308848,-1.7587447,-2.2280436,0.9279349,-0.31115937,-0.1407574,-2.3481061,-1.8466487,-0.58965266,0.21210848,1.9996514,-0.45730174,-0.5579173,0.5580814,-0.87270176,1.2638037,-0.324217,0.85390466,-1.4926378,1.3681934,0.31782255,-1.0938834,-0.21840055,0.2944149,-0.22469872,-0.2933376,-1.2442645,-0.038636163,0.73734796,0.58269763,-0.3391437,0.7217852,-0.47531974,0.03458614,1.1476679,-0.008290884,-1.0035812,2.388176,-0.70209175,0.49926144,1.034608,0.5624469,0.37969804,-0.93265957,0.81088203,2.0549703,-0.7609275
0.19539262,-1.3918213,1.5803827,0.058449794,-0.40560925,-0.6576207,0.0639836,-0.5516917,0.7805454,0.34903935,0.5763077,-0.6564901,0.9692879,-0.7811015,-0.76345396,1.647668,0.5514689,-0.05175134,-1.7592947,-2.228888,0.92940456,-0.31260207,-0.13915774,-2.3470216,-1.8472744,-0.58976144,0.21212149,1.9990475,-0.45665818,-0.5572864,0.55942124,-0.8719788,1.2649189,-0.32233402,0.8539437,-1.4932925,1.3691379,0.31681272,-1.0943485,-0.21697918,0.29341018,-0.2243396,-0.29308113,-1.2424953,-0.039248012,0.73829675,0.58182526,-0.33926854,0.72122043,-0.47528946,0.033634353,1.1471252,-0.010183409,-1.0041828,2.3870776,-0.7010644,0.4981386,1.0341984,0.5628895,0.37836987,-0.93314415,0.81147003,2.0555763,-0.76185274
0.19521582,-1.3919653,1.579713,0.058710426,-0.4051323,-0.6577302,0.06396408,-0.5517176,0.7805796,0.349209,0.5766033,-0.6568455,0.9696494,-0.78154325,-0.7630206,1.6478533,0.5512085,-0.051560093,-1.7590219,-2.228514,0.9287114,-0.312005,-0.13988075,-2.3475194,-1.8470436,-0.58969295,0.21212262,1.9992644,-0.45697853,-0.5575514,0.55883723,-0.8723191,1.2644106,-0.32317552,0.853883,-1.4929773,1.3687098,0.31731254,-1.094094,-0.21760565,0.29387403,-0.22451213,-0.29321206,-1.2432767,-0.039003782,0.7378553,0.5822487,-0.3392266,0.7214772,-0.47530743,0.034027796,1.1474093,-0.009333238,-1.0039071,2.3875763,-0.7015276,0.4986115,1.0343647,0.56267595,0.37893376,-0.93293685,0.8112095,2.0553315,-0.7614151
0.19522446,-1.391978,1.5797111,0.058730703,-0.40513825,-0.65774053,0.063989185,-0.5517131,0.7805865,0.34922874,0.5765983,-0.65684754,0.96966475,-0.7815747,-0.7629373,1.6478555,0.5511876,-0.051541027,-1.7590084,-2.2285025,0.9286642,-0.31198427,-0.13990645,-2.347549,-1.8470328,-0.5897109,0.21210778,1.9992416,-0.457001,-0.55757385,0.5588387,-0.87237406,1.264415,-0.32324505,0.8538582,-1.4929708,1.3686907,0.31733263,-1.0940931,-0.21763548,0.29388466,-0.22450896,-0.293214,-1.2432874,-0.03900441,0.7378653,0.5822528,-0.33921224,0.72152334,-0.47530794,0.034030396,1.147406,-0.009290467,-1.0039,2.3875964,-0.701544,0.49864435,1.0343406,0.56269765,0.37895656,-0.93292964,0.8111955,2.0553157,-0.7613781
0.007518692,-1.3981307,1.1846187,0.348056,-0.19938815,-0.8554864,0.10139799,-0.6561093,0.8343572,0.29734847,0.8344408,-0.844909,1.1947242,-0.94647026,-0.5608205,1.8531615,0.4808663,0.062126014,-1.5129142,-1.8940735,0.53519034,0.067915484,-0.63632834,-2.4189336,-1.4766797,-0.5142944,0.082978815,1.8746114,-0.54967123,-0.9423379,0.5355017,-1.0293827,0.99173045,-0.85916877,0.50097716,-1.3623568,1.033687,0.5754352,-0.73512983,-0.52013725,0.57108647,-0.19642867,-0.31069115,-1.737003,-0.20043172,0.44304723,0.8345544,-0.58067715,0.53615904,-0.17082627,0.12903023,1.248561,0.50807846,-0.84850246,2.5613596,-0.9152744,0.79213893,1.0507958,0.5471875,0.59222275,-0.8120206,0.74192536,1.8267707,-0.094983384
0.19539262,-1.3918213,1.5803827,0.058449794,-0.40560925,-0.6576207,0.0639836,-0.5516917,0.7805454,0.34903935,0.5763077,-0.6564901,0.9692879,-0.7811015,-0.76345396,1.647668,0.5514689,-0.05175134,-1.7592947,-2.228888,0.92940456,-0.31260207,-0.13915774,-2.3470216,-1.8472744,-0.58976144,0.21212149,1.9990475,-0.45665818,-0.5572864,0.55942124,-0.8719788,1.2649189,-0.32233402,0.8539437,-1.4932925,1.3691379,0.31681272,-1.0943485,-0.21697918,0.29341018,-0.2243396,-0.29308113,-1.2424953,-0.039248012,0.73829675,0.58182526,-0.33926854,0.72122043,-0.47528946,0.033634353,1.1471252,-0.010183409,-1.0041828,2.3870776,-0.7010644,0.4981386,1.0341984,0.5628895,0.37836987,-0.93314415,0.81147003,2.0555763,-0.76185274
0.19487995,-1.3921466,1.5788031,0.059000257,-0.40453112,-0.65783066,0.06386666,-0.5517763,0.78051484,0.3494277,0.57689595,-0.65737045,0.9701123,-0.7819944,-0.762506,1.6481066,0.5509369,-0.051308826,-1.7587447,-2.2280436,0.927935,-0.31115937,-0.14075737,-2.3481061,-1.8466487,-0.5896526,0.2121085,1.9996514,-0.45730174,-0.55791724,0.5580814,-0.87270176,1.2638037,-0.32421702,0.85390466,-1.4926378,1.3681934,0.31782252,-1.0938835,-0.21840061,0.2944149,-0.22469872,-0.2933376,-1.2442646,-0.03863612,0.73734796,0.58269763,-0.33914363,0.7217853,-0.47531968,0.03458615,1.1476679,-0.008290887,-1.0035813,2.388176,-0.7020918,0.4992614,1.034608,0.5624469,0.37969804,-0.9326596,0.81088203,2.0549705,-0.76092756
0.1935937,-1.393318,1.5747483,0.06402502,-0.40272534,-0.6608274,0.06486209,-0.5525391,0.7819146,0.34712622,0.58115816,-0.6603279,0.97366184,-0.7848618,-0.75979006,1.6520652,0.5505299,-0.049351227,-1.7561041,-2.2256064,0.92392397,-0.30651644,-0.14840987,-2.3500657,-1.8437577,-0.5880683,0.20966092,1.9983033,-0.45855266,-0.5647883,0.5599482,-0.8751708,1.2611823,-0.33144018,0.848446,-1.4918598,1.3644942,0.3209569,-1.089316,-0.22134158,0.2978487,-0.22412781,-0.29279026,-1.2513192,-0.0437871,0.73411536,0.58617246,-0.34430537,0.71922976,-0.47063708,0.035225827,1.1499522,-0.0010286384,-1.0022376,2.3923845,-0.70565355,0.5030021,1.0350974,0.5637735,0.38191438,-0.9320073,0.81193036,2.0532613,-0.75187534
0.09871478,-1.4279345,1.3618021,0.17678946,-0.27707684,-0.71504545,0.06819224,-0.5878911,0.7783449,0.36417106,0.6757877,-0.76807153,1.0980617,-0.87624824,-0.62386954,1.7512612,0.50633335,0.021826845,-1.6592984,-2.0795171,0.7293447,-0.09704813,-0.38355184,-2.4276898,-1.6856536,-0.57362163,0.16929455,2.0032523,-0.52160436,-0.7103206,0.4688077,-0.97552985,1.1157124,-0.6245681,0.7531736,-1.420513,1.2186773,0.4684618,-0.9759475,-0.4139996,0.44351265,-0.23302305,-0.31395045,-1.49196,-0.032221995,0.5902227,0.71494645,-0.3975755,0.69887626,-0.40805203,0.11431352,1.2005771,0.2615443,-0.923045,2.4991324,-0.84531164,0.6707032,1.061688,0.5364764,0.536247,-0.8603003,0.7340198,1.9455209,-0.5053505
0.19456977,-1.3923055,1.5772518,0.059532084,-0.4033742,-0.65811086,0.063887715,-0.5518039,0.78068674,0.34988043,0.57757044,-0.6581033,0.9707688,-0.78305924,-0.7617375,1.6484727,0.55027586,-0.050897405,-1.7580404,-2.2271998,0.9263389,-0.31004468,-0.14233777,-2.3492856,-1.8463144,-0.58936477,0.21223748,2.0002077,-0.45809838,-0.55827343,0.5566949,-0.8734182,1.2625885,-0.32595983,0.8538726,-1.4918499,1.3672844,0.31891167,-1.0933166,-0.21973783,0.2954856,-0.22513056,-0.29369476,-1.2459668,-0.03799644,0.7363206,0.5836759,-0.33897355,0.7223801,-0.47539562,0.035463825,1.1482852,-0.0064857285,-1.0029283,2.3893428,-0.70302147,0.50026476,1.0349894,0.56175977,0.38086534,-0.9322843,0.81018704,2.054523,-0.76006436
0.19522387,-1.3919184,1.5798788,0.058610976,-0.40526977,-0.65769076,0.06393934,-0.55172086,0.78054047,0.34915876,0.5765053,-0.65677726,0.9695478,-0.78139293,-0.7631741,1.6478049,0.5513056,-0.05162795,-1.759116,-2.2286253,0.92895263,-0.3121481,-0.13966021,-2.3473582,-1.8470943,-0.58972305,0.2121222,1.999252,-0.45686483,-0.55747527,0.558993,-0.87220174,1.2645508,-0.3228993,0.85393596,-1.4930733,1.3688359,0.31713158,-1.0941918,-0.21741736,0.29372194,-0.22445014,-0.29316762,-1.2430573,-0.039062753,0.7379856,0.5821152,-0.3392355,0.72139156,-0.47529593,0.033936553,1.1472931,-0.009586349,-1.0039866,2.3874264,-0.7013807,0.4984877,1.0343432,0.5627446,0.3787865,-0.9329878,0.81129396,2.0553885,-0.7615729
0.19539262,-1.3918214,1.5803828,0.058449835,-0.40560922,-0.6576207,0.063983604,-0.5516917,0.7805454,0.3490393,0.5763078,-0.65649,0.969288,-0.7811013,-0.763454,1.6476682,0.55146885,-0.05175131,-1.7592949,-2.2288883,0.9294046,-0.3126021,-0.13915773,-2.3470213,-1.8472747,-0.58976144,0.2121215,1.9990478,-0.45665812,-0.5572863,0.5594212,-0.87197876,1.264919,-0.32233396,0.8539439,-1.4932923,1.3691379,0.31681272,-1.0943488,-0.21697918,0.29341018,-0.2243396,-0.29308116,-1.2424953,-0.039247952,0.73829675,0.58182526,-0.33926842,0.7212203,-0.47528955,0.033634275,1.1471251,-0.010183476,-1.0041828,2.3870776,-0.7010644,0.49813858,1.0341984,0.5628893,0.3783699,-0.93314403,0.81147003,2.0555763,-0.76185286
0.17311935,-1.407196,1.5183144,0.11213404,-0.37128747,-0.69117564,0.074420124,-0.5608934,0.7949817,0.33532193,0.6231723,-0.69588625,1.0147214,-0.81871206,-0.7243508,1.6906703,0.5367295,-0.02644815,-1.7243664,-2.1917028,0.8713577,-0.24766162,-0.23217237,-2.3773246,-1.8055394,-0.5755341,0.1899741,1.993356,-0.47714418,-0.6302758,0.56053793,-0.9065662,1.2236625,-0.42048088,0.8010349,-1.4764961,1.3206912,0.36351866,-1.0445051,-0.26823485,0.34322858,-0.22039978,-0.29276454,-1.3309596,-0.08028473,0.69256043,0.6248341,-0.38458812,0.7005908,-0.4330246,0.050311774,1.1740022,0.08337741,-0.9838469,2.4381816,-0.7472837,0.54996413,1.0432283,0.56581146,0.4188845,-0.9183582,0.81089854,2.0298312,-0.6579592
0.19536094,-1.3918244,1.5802387,0.058482036,-0.40548763,-0.6576357,0.063976616,-0.55170226,0.7805743,0.34908167,0.5763763,-0.65654826,0.9693462,-0.78119916,-0.7634168,1.6477036,0.5514009,-0.051728513,-1.759218,-2.2288167,0.929269,-0.31251857,-0.13930862,-2.3471258,-1.8472725,-0.5897201,0.21214019,1.999114,-0.45673767,-0.557308,0.5592922,-0.8720282,1.2647992,-0.32246464,0.8539407,-1.4932079,1.3690547,0.3169189,-1.0942829,-0.21709113,0.29351702,-0.22439398,-0.29311877,-1.2426379,-0.03918431,0.7381823,0.5819257,-0.3392703,0.72126204,-0.47530493,0.03370108,1.147179,-0.0100201685,-1.0041157,2.3871908,-0.70114386,0.49821863,1.0342556,0.56279874,0.3784732,-0.93311656,0.81141454,2.0555463,-0.76178586
0.19547632,-1.3917538,1.5807259,0.05830164,-0.40584022,-0.6575591,0.063997015,-0.55168545,0.780533,0.34893385,0.5761645,-0.6563085,0.9691155,-0.78088725,-0.7636924,1.6475818,0.5516078,-0.051862936,-1.7594258,-2.2290888,0.92975646,-0.31290564,-0.13880299,-2.3467522,-1.8474001,-0.5897905,0.21212146,1.9989396,-0.45647913,-0.5571766,0.55974454,-0.8717955,1.265168,-0.32189605,0.8539619,-1.4934509,1.3693492,0.31655473,-1.0944498,-0.2166551,0.293179,-0.22424681,-0.2930047,-1.2420975,-0.039375667,0.7384943,0.5816105,-0.33932203,0.7210711,-0.47527027,0.033433918,1.1469895,-0.010599876,-1.0043285,2.3868382,-0.70083755,0.49789345,1.0341246,0.5629918,0.37807915,-0.9332339,0.8116134,2.0556936,-0.7620703
0.19509792,-1.3920506,1.5795405,0.05875694,-0.40505794,-0.65769583,0.06389911,-0.5517164,0.78051245,0.34928295,0.5765952,-0.6569993,0.96976537,-0.7815672,-0.76282686,1.6479137,0.55115104,-0.051481992,-1.7590023,-2.228426,0.9285852,-0.3117956,-0.14003523,-2.3476388,-1.846904,-0.58973956,0.21206354,1.9993516,-0.45702395,-0.55767465,0.55872273,-0.87241733,1.2643353,-0.32344306,0.8539177,-1.4929501,1.3686125,0.31735826,-1.094132,-0.21777757,0.2939715,-0.2245069,-0.293197,-1.2434287,-0.038846966,0.73779833,0.58228755,-0.33920395,0.72158396,-0.47532177,0.034131415,1.1474334,-0.009117075,-1.0038619,2.3876536,-0.7016412,0.49878183,1.0343876,0.56273395,0.37914598,-0.93286085,0.8111214,2.0551932,-0.7613436
0.19374573,-1.3930439,1.5752598,0.060340326,-0.40222907,-0.65819484,0.06365231,-0.5518558,0.7804313,0.35043925,0.5781265,-0.65938926,0.97207695,-0.7840916,-0.7598745,1.6490176,0.5495605,-0.050151475,-1.757517,-2.2260542,0.92445135,-0.3078198,-0.14437963,-2.350732,-1.8451554,-0.5895031,0.21200179,2.000859,-0.45888838,-0.55937564,0.5549895,-0.87450874,1.2612808,-0.32884207,0.85386753,-1.4911882,1.366027,0.32019836,-1.0930097,-0.22183879,0.29679987,-0.22544508,-0.2939196,-1.2482384,-0.03701363,0.7352973,0.58465457,-0.33866945,0.72338694,-0.47550064,0.03672783,1.1490216,-0.0038648802,-1.0022113,2.3905687,-0.7045544,0.5019064,1.0353189,0.5616531,0.38285452,-0.9314615,0.8093593,2.0534267,-0.7587797
0.19484043,-1.3922497,1.5786082,0.059127547,-0.4044283,-0.65784025,0.06388834,-0.55174917,0.78051317,0.349546,0.57694936,-0.65748256,0.97025514,-0.78216004,-0.7621711,1.6481423,0.55078644,-0.051187348,-1.7586588,-2.2278845,0.92763674,-0.31094834,-0.14099237,-2.3483417,-1.8465568,-0.5896879,0.21207155,1.9996498,-0.45746353,-0.5580124,0.5578674,-0.87290674,1.2636478,-0.32464346,0.85389745,-1.492551,1.3680502,0.31802836,-1.093861,-0.21867432,0.2945812,-0.2247296,-0.2933799,-1.2445092,-0.03844795,0.73726255,0.58284,-0.33905634,0.7219973,-0.47536653,0.03470364,1.1478027,-0.007959088,-1.0034866,2.3883252,-0.7022766,0.4994635,1.0345582,0.56245047,0.3799384,-0.9325686,0.81072193,2.0548387,-0.7607587
0.19018456,-1.3962653,1.5642866,0.07362878,-0.39695898,-0.6667202,0.06670586,-0.5541045,0.78453445,0.34431055,0.58968556,-0.66755444,0.98143965,-0.7917195,-0.7529372,1.6597435,0.54811275,-0.04508421,-1.7500986,-2.219275,0.91390157,-0.29532018,-0.16512714,-2.355572,-1.8367212,-0.5853301,0.20557363,1.9972056,-0.46194345,-0.57820964,0.5604631,-0.8811791,1.254153,-0.34831756,0.8387973,-1.4892774,1.3560617,0.3289514,-1.0804682,-0.23027815,0.30632326,-0.22344387,-0.292323,-1.2673402,-0.05147881,0.72637635,0.59426934,-0.3528125,0.71559614,-0.46247432,0.037977874,1.1549249,0.0153766675,-0.99880576,2.40184,-0.7137691,0.5119935,1.0365703,0.5649133,0.38865206,-0.9296016,0.81259644,2.0491397,-0.7337794
0.1944469,-1.3924792,1.5775023,0.05948412,-0.4037016,-0.65794873,0.06377179,-0.5518057,0.78043735,0.34979668,0.577342,-0.6581122,0.9708416,-0.782768,-0.76157284,1.6484488,0.55043423,-0.050875105,-1.7583096,-2.2273211,0.9266567,-0.30992734,-0.14207284,-2.3490577,-1.8461148,-0.58959246,0.21206897,2.000098,-0.4578715,-0.5584701,0.5569466,-0.87335783,1.2629023,-0.32587147,0.85393536,-1.4921228,1.3674049,0.3186654,-1.0935745,-0.21967185,0.29527032,-0.22496712,-0.29355648,-1.2457128,-0.038036734,0.7366015,0.5834006,-0.33892086,0.7223791,-0.47536746,0.035369802,1.1481535,-0.006671904,-1.0030723,2.3890452,-0.70297676,0.50022715,1.0348755,0.56216,0.38085502,-0.93220854,0.8103289,2.0543952,-0.7601559
0.19567727,-1.3913121,1.5786645,0.058938645,-0.40387434,-0.6583214,0.06441885,-0.55172014,0.7811635,0.34948304,0.5775258,-0.6567286,0.96950406,-0.7827815,-0.7636386,1.647922,0.5505746,-0.05159176,-1.758076,-2.2279162,0.9274251,-0.31212842,-0.14079738,-2.348503,-1.8477972,-0.5887984,0.21298411,1.99969,-0.45793355,-0.55678606,0.55740094,-0.8726728,1.2632344,-0.32340232,0.8539996,-1.4920597,1.3682442,0.31849837,-1.0932136,-0.21833804,0.29459986,-0.22528619,-0.29390705,-1.2443944,-0.038897485,0.73685014,0.5833774,-0.3388205,0.7216329,-0.47559288,0.03448527,1.1479455,-0.008537314,-1.0031464,2.388688,-0.7018409,0.49873877,1.0346621,0.5609736,0.37911427,-0.93298614,0.8106579,2.0557964,-0.76107043
0.19559711,-1.3916337,1.5803183,0.058450527,-0.40543348,-0.65773547,0.06413962,-0.5516521,0.78066975,0.34910744,0.5764577,-0.6563543,0.9691705,-0.78134936,-0.7635997,1.6476154,0.5513155,-0.05177962,-1.7591113,-2.2288046,0.92920935,-0.3127851,-0.13919172,-2.3472052,-1.8475475,-0.58955884,0.21234018,1.9990518,-0.4568845,-0.5569978,0.5591502,-0.87207353,1.264775,-0.32224283,0.8540127,-1.4931366,1.369124,0.3170679,-1.0942276,-0.2170896,0.2934847,-0.2244998,-0.293259,-1.242572,-0.039262734,0.73818755,0.58202225,-0.33907154,0.7212898,-0.47543076,0.03363586,1.1471884,-0.01016501,-1.0040076,2.3872313,-0.70104414,0.4980772,1.0341496,0.56250834,0.37829784,-0.93318546,0.8113724,2.0557473,-0.7618735
0.19539262,-1.3918213,1.5803827,0.058449794,-0.40560925,-0.6576207,0.0639836,-0.5516917,0.7805454,0.34903935,0.5763077,-0.6564901,0.9692879,-0.7811015,-0.76345396,1.647668,0.5514689,-0.05175134,-1.7592947,-2.228888,0.92940456,-0.31260207,-0.13915774,-2.3470216,-1.8472744,-0.58976144,0.21212149,1.9990475,-0.45665818,-0.5572864,0.55942124,-0.8719788,1.2649189,-0.32233402,0.8539437,-1.4932925,1.3691379,0.31681272,-1.0943485,-0.21697918,0.29341018,-0.2243396,-0.29308113,-1.2424953,-0.039248012,0.73829675,0.58182526,-0.33926854,0.72122043,-0.47528946,0.033634353,1.1471252,-0.010183409,-1.0041828,2.3870776,-0.7010644,0.4981386,1.0341984,0.5628895,0.37836987,-0.93314415,0.81147003,2.0555763,-0.76185274
0.19544959,-1.3917736,1.5806587,0.0583851,-0.40581408,-0.65759623,0.06400061,-0.5517031,0.7805582,0.3489195,0.57623184,-0.6563579,0.96917796,-0.7809412,-0.76363903,1.64764,0.55159396,-0.05182985,-1.7593818,-2.2290382,0.92968696,-0.31282303,-0.13892724,-2.346799,-1.8473501,-0.5897653,0.21208146,1.9989252,-0.45651028,-0.55726564,0.55974066,-0.87183905,1.2651222,-0.3220262,0.85388494,-1.4934236,1.3692749,0.31661755,-1.0943829,-0.21670382,0.29324445,-0.22425073,-0.29300973,-1.2422144,-0.039447706,0.73844624,0.581672,-0.33939448,0.72104657,-0.47521275,0.033452556,1.1470294,-0.01048476,-1.0043043,2.3869007,-0.700899,0.49796057,1.0341449,0.5630125,0.37812918,-0.93323255,0.8116163,2.0556684,-0.7619315
-0.008375615,-1.3798072,1.1802459,0.39360332,-0.1987105,-0.90071684,0.13530353,-0.660236,0.8754522,0.26486987,0.8819423,-0.8555453,1.2103986,-0.9853858,-0.56577563,1.8833896,0.45977604,0.06534976,-1.4891578,-1.9075937,0.53164166,0.097444564,-0.6978567,-2.4384656,-1.485379,-0.50153077,0.07181354,1.8507415,-0.5668166,-0.99938923,0.57823604,-1.0439899,0.9755858,-0.87994194,0.44988948,-1.3794225,1.0230349,0.5779955,-0.68689996,-0.49617556,0.5869155,-0.17096038,-0.30492887,-1.7836217,-0.28961617,0.43084517,0.8587774,-0.62028974,0.50568134,-0.112587735,0.12903292,1.2667902,0.5307741,-0.84949654,2.591396,-0.9218048,0.8057942,1.0493175,0.5494809,0.58196145,-0.8302783,0.787838,1.8405579,-0.0111202635
0.19487989,-1.3921466,1.5788028,0.05900023,-0.40453112,-0.6578307,0.06386662,-0.5517763,0.7805148,0.34942776,0.5768961,-0.6573705,0.9701123,-0.78199446,-0.762506,1.6481066,0.5509368,-0.05130882,-1.7587447,-2.2280436,0.92793506,-0.31115928,-0.14075741,-2.3481064,-1.8466487,-0.58965266,0.21210851,1.9996514,-0.45730177,-0.55791724,0.5580814,-0.87270176,1.2638036,-0.32421702,0.8539048,-1.4926376,1.3681931,0.31782252,-1.0938836,-0.21840063,0.29441497,-0.22469875,-0.29333758,-1.2442646,-0.03863612,0.7373481,0.5826977,-0.33914363,0.7217855,-0.47531977,0.03458616,1.147668,-0.0082908515,-1.0035812,2.3881762,-0.7020919,0.4992615,1.0346081,0.56244683,0.37969804,-0.9326596,0.81088203,2.0549705,-0.7609277
0.19523486,-1.391923,1.5798998,0.058593422,-0.40527922,-0.6576849,0.063932,-0.551718,0.78054726,0.34914798,0.576498,-0.65676796,0.96953875,-0.7813799,-0.76318413,1.6478009,0.55131173,-0.051636036,-1.7591228,-2.2286396,0.9289719,-0.31215972,-0.139651,-2.3473413,-1.8470939,-0.58972156,0.21212637,1.9992495,-0.45685416,-0.5574782,0.55901915,-0.8721869,1.2645651,-0.32288462,0.8539196,-1.493077,1.3688445,0.31712127,-1.0941886,-0.21739489,0.29371083,-0.22445354,-0.29315948,-1.2430404,-0.03907737,0.737991,0.58210236,-0.33925387,0.72138184,-0.4752928,0.033930834,1.1472877,-0.00959992,-1.003998,2.3874097,-0.7013763,0.49847126,1.0343492,0.56275153,0.37877798,-0.9329941,0.8113139,2.055393,-0.76157963
0.1947907,-1.3923029,1.5781039,0.059292443,-0.40402576,-0.65794826,0.06390413,-0.55175817,0.7806125,0.34967571,0.57720804,-0.6576816,0.97047466,-0.7825576,-0.7619489,1.6482257,0.5505774,-0.051093318,-1.758431,-2.2276113,0.92709595,-0.3105846,-0.1415169,-2.3487246,-1.846471,-0.5895744,0.21216775,1.9998202,-0.4577335,-0.5580855,0.55737245,-0.8731177,1.2632246,-0.3251723,0.85385466,-1.4922583,1.3677454,0.3184364,-1.0936143,-0.21911955,0.29494035,-0.22491956,-0.29353288,-1.2450924,-0.03829757,0.7369001,0.5831857,-0.3389959,0.72218645,-0.47540808,0.035011556,1.1480414,-0.007370342,-1.003271,2.3887143,-0.70261264,0.49975008,1.034709,0.5621774,0.38030007,-0.9324451,0.81051683,2.0547254,-0.76046467
0.024819065,-1.4249742,1.2100201,0.27393168,-0.2067777,-0.784329,0.065662056,-0.6445411,0.77673864,0.34996337,0.7640093,-0.83035237,1.1727749,-0.90869904,-0.5562812,1.8148447,0.50629723,0.06265582,-1.559101,-1.9080262,0.5623663,0.031759735,-0.55075717,-2.41496,-1.4939159,-0.5400063,0.10971828,1.9248852,-0.5371096,-0.8489219,0.47042683,-1.0174177,1.0238076,-0.8245728,0.5983038,-1.3547105,1.0719987,0.57091546,-0.8198104,-0.5425215,0.537851,-0.22966321,-0.3167796,-1.665451,-0.07073465,0.47071543,0.8096136,-0.50258553,0.59985596,-0.27408722,0.13471144,1.2185843,0.4526078,-0.85724694,2.5314696,-0.9137625,0.77641857,1.0553205,0.5382555,0.60869277,-0.8021143,0.68536794,1.8272225,-0.23237538
0.19540219,-1.391822,1.5803478,0.05846977,-0.40556854,-0.6576385,0.06400055,-0.55169815,0.7805749,0.3490457,0.576347,-0.6564946,0.9693059,-0.78115445,-0.763445,1.6476759,0.551446,-0.051750973,-1.7592582,-2.2288656,0.92934453,-0.3125839,-0.13921247,-2.347057,-1.8472888,-0.5897405,0.21213414,1.999053,-0.45668745,-0.5572901,0.5593777,-0.8720021,1.2648671,-0.32237074,0.85392135,-1.4932563,1.3691032,0.3168693,-1.0943027,-0.21701054,0.29344675,-0.22436032,-0.29310217,-1.2425524,-0.039248556,0.73825175,0.58187467,-0.33928004,0.7212243,-0.47528836,0.033649765,1.147159,-0.0101251565,-1.0041635,2.3871298,-0.7010969,0.49815655,1.0342166,0.56284785,0.3783883,-0.93313646,0.8114549,2.0555792,-0.76181275
0.19477431,-1.3922888,1.5786353,0.05915954,-0.40448463,-0.65784985,0.06384825,-0.5517747,0.7804878,0.34943855,0.5769651,-0.6575351,0.9703035,-0.782096,-0.7622032,1.6482172,0.5508818,-0.05119206,-1.758704,-2.2279325,0.9277441,-0.3108865,-0.14102694,-2.3482203,-1.8464671,-0.5897025,0.21198398,1.9996324,-0.45736772,-0.55818665,0.55805737,-0.8728399,1.2637188,-0.32461983,0.85379887,-1.4926077,1.3680396,0.31793034,-1.0938169,-0.21860912,0.29455757,-0.22466733,-0.29331523,-1.2445198,-0.038629983,0.7372687,0.58277714,-0.339209,0.72185516,-0.475235,0.034675136,1.1477623,-0.0079613775,-1.0035423,2.3882942,-0.7022772,0.49947488,1.0346062,0.56258094,0.37990147,-0.93256783,0.81084144,2.0548003,-0.7606751
0.1882189,-1.3980052,1.5576897,0.0809587,-0.3933221,-0.6717341,0.06862394,-0.5552717,0.78699297,0.34115782,0.596316,-0.67207384,0.9867298,-0.79631144,-0.74884504,1.6656605,0.54691935,-0.042161644,-1.7454618,-2.215213,0.9072465,-0.28813025,-0.17708795,-2.358729,-1.83193,-0.5829261,0.2023454,1.9953818,-0.4641461,-0.5884955,0.5626299,-0.8851513,1.2494221,-0.35974097,0.83063567,-1.4878958,1.3501478,0.3346659,-1.0732262,-0.23564446,0.31225845,-0.22245796,-0.29188865,-1.2785238,-0.059333634,0.72100705,0.59997076,-0.3602965,0.71156245,-0.45560503,0.03897892,1.1584847,0.026728053,-0.9964663,2.4084854,-0.71916133,0.51784384,1.0373187,0.56579995,0.392301,-0.92844236,0.81396115,2.0466835,-0.7194477
0.19443594,-1.3925406,1.5776541,0.05946236,-0.40386942,-0.6578797,0.06374652,-0.5517933,0.7804102,0.34980685,0.57721186,-0.65809715,0.9708168,-0.7826027,-0.761436,1.6484295,0.55047363,-0.050858386,-1.7583917,-2.2273762,0.92680347,-0.3099951,-0.14195111,-2.3489826,-1.8460606,-0.589714,0.21194729,2.0000062,-0.45780712,-0.5585089,0.5571431,-0.87336457,1.2630498,-0.32590172,0.85390013,-1.4922279,1.3674875,0.3185369,-1.0937016,-0.21955124,0.29518935,-0.22485338,-0.29346675,-1.2455288,-0.037986886,0.7367606,0.5832764,-0.33899042,0.72239196,-0.4753653,0.03527414,1.1480899,-0.0067933947,-1.0031708,2.3889172,-0.70290744,0.5002263,1.0347738,0.5623629,0.3808278,-0.9322363,0.8103525,2.0543494,-0.7602041
0.19338849,-1.3934948,1.5740831,0.06464262,-0.4023851,-0.6611981,0.0649778,-0.5526311,0.78207,0.34694362,0.58171266,-0.6607885,0.974133,-0.7852954,-0.75936025,1.6525413,0.55039006,-0.04908396,-1.7557341,-2.225217,0.9233006,-0.30581453,-0.14944893,-2.350427,-1.8433404,-0.58788866,0.20939995,1.9982343,-0.45876497,-0.56561714,0.55998504,-0.87555486,1.2607431,-0.3324798,0.847847,-1.4917071,1.3639563,0.32145563,-1.0887601,-0.22187802,0.29836273,-0.22408344,-0.29275784,-1.2523413,-0.044276204,0.7336262,0.58668035,-0.34483165,0.71901274,-0.47011817,0.035419744,1.1502755,2.4665744e-06,-1.0020144,2.3929782,-0.70616853,0.503547,1.0351845,0.5638519,0.38233986,-0.93186325,0.81197643,2.0530107,-0.7507479
